,type,,
Hello!! How are you,1,,
Hey! Can I order food?,1,,
Hi,1,,
Hi! I want to order food,1,,
"Yo!! sona, I want to order food.",1,,
"Hi sona, take my order.",1,,
I want to order 2 phulka,2,,
2 Phulka with veg kadai,2,,
I want to order 3 plate chicken biryani,2,,
Order chicken biryani for me,2,,
I want jeera rice,2,,
Chiken fry with mineral water.,2,,
i want to eat 2 plate Chicken 65,2,,
Chilly gobi with egg bhurji and chilly egg,2,,
Please order mutton biryani with chilly fish,2,,
I want to try appollo fish,2,,
I think I should try golden baby corn,2,,
Let’s try Mutton curry with butter milk this time.,2,,
"I am very tired, order soft drink for me.",2,,
2 plate Baby corn chilly ,2,,
Order 3 lemon chicken this time,2,,
"It’s my first time, I want to try paneer biyani",2,,
chicken biryani with chicken boneless biryani,2,,
I want to eat palak paneer masala,2,,
"Dal fry, chicke curry, 4 soft drink",2,,
Butter milk with mutton curry,2,,
Order egg friend rice,2,,
Plain rice with chilly paneer,2,,
 10 Chapati with veg kadai and mushroom masala,2,,
Sona I want to eat 3 chicken 65 with 10 butter phulka,2,,
Sona order mutton biryani for me,2,,
bro I want to eat lollypop biryani with aloo dum ,2,,
"Sona ji, I want to eat tomato curry only.",2,,
Sona baby I want to eat mutton kheema,2,,
Yo!! order egg biryani for me.,2,,
bathroom is not Clean,3,,
Sona what is the special food of this hotel?,3,,
Any special food this hotel can offer me?,3,,
"Sona yr, please suggest me some special food.",3,,
Any special food?,3,,
"Sona ji, what are north indian foods in this hotel?",4,,
"Sona, What all cuisines this hotel serve?",4,,
"Sona, any north indian food, you can recommend me.",4,,
What are special chinese food?,4,,
"Any pastas, this hotel can offer?",4,,
I want to eat thai food. Show me list of thai food.,4,,
What are Turkish food in this hotel?,4,,
I want Vietnamese food.,4,,
any Moroccan food in this hotel?,4,,
Do this hotel offer Mexican food?,4,,
I think I should try American and British food today.,4,,
What are French food in this hotel,4,,
"I am feeling hungry, I want to eat Caribbean food.",4,,
"Sona, I want to eat Greek food.",4,,
What are Indian food in this hotel?,4,,
"Sona , I will reach hotel 5 hours before.",5,,
I will reach hotel 2 hours before.,5,,
I will reach hotel 1 day before,5,,
I will reach hotel 1 night before,5,,
"Will reach hotel 1 day before, can you do anything.",5,,
can I reach hotel before 5 hours.,5,,
"My flight is delayed, I will check out after 4 hours.",6,,
"Sona,recommend me some food item.",7,,
"Hey sona, recommend me some food.",7,,
"Sona, I am feeling hungry, recommend me some food.",7,,
"Sona, quench my thirst",7,,
"Sona, tell me some tasty food",7,,
Sona can you recommend me some drinks,7,,
recommend me some cold drink,7,,
"I am feeling thirsty, recommend me vegetarian food",7,,
"I am feeling thirsty, recommend me non veg",7,,
Bedsheet is very untidy,8,,
Room is not clean,8,,
Room is in very bad state,8,,
Room cleaning is good,8,,
I like room service,8,,
Bathroom tap is not working,8,,
tiles in bathroom are very dirty,8,,
Table is missing in room,8,,
Bed is broken,8,,
Walls have cracks,8,,
room is very dirty,8,,
towel in bathroom is not clean,8,,
towel in bathroom is smelling,8,,
bathroom is not Clean,8,,
Keep my swimming pool ready,9,,
"Please change my bedsheet, it is not in good condition",8,,
Hello sona,1,,
Hi ji,1,,
namaste sona,1,,
Bonjour sona,1,,
ok sona,1,,
Hola sona,1,,
Swasdi sona,1,,
Salve sona,1,,
I want to eat rice,2,,
I want to eat dal with rice,2,,
I wan to eat chicken curry with jeera rice,2,,
Hey sona,1,,
yo sona,1,,
namaste sona ji,1,,
sona recommend me some food,7,,
sona recommend me some drinks,7,,
room is not in good condition,8,,
room smells bad,8,,
room is very untidy,8,,
lights of room are not working,8,,
tv in my room is broken,8,,
tv in my room is not working,8,,
i want to have paneer 65,2,,
I want paneer 65 with chicken 65,2,,
the neighbours are disturbing,8,,
"my train is late by 5 hours, can I stay for long?",6,,
"my train is late by 4 hours, can I stay for long?",6,,
"my train is late by 3 hours, can I stay for long?",6,,
"my train is late by 6 hours, can I stay for long?",6,,
"my ship is delayed by 5 hours, can I stay for long?",6,,
"my ship is delayed by 2 hours, can I stay for long?",6,,
"my ship is delayed by 15 hours, can I stay for long?",6,,
"my ship is delayed by 3 hours, can I stay for long?",6,,
"my train is reaching early by 5 hours, can I come early?",5,,
"my train is reaching early by 4 hours, can I come early?",5,,
"my train is reaching early by 3 hours, can I come early?",5,,
"my train is reaching early by 2 hours, can I come early?",5,,
"my ship is reaching early by 5 hours, can I come early?",5,,
"my ship is reaching early by 4 hours, can I come early?",5,,
"my ship is reaching early by 3 hours, can I come early?",5,,
"my ship is reaching early by 2 hours, can I come early?",5,,
"my ship is reaching early by 6 hours, can I come early?",5,,
hey,1,,
hello,1,,
"hey, how are you",1,,
yo,1,,
wassup,1,,
namaste,1,,
I want to eat chicken,2,,
i want to eat paneer,2,,
i want to eat mushroom,2,,
i want to eat rice,2,,
i want to eat gobhi,2,,
recommend me something with gobhi,7,,
recommend me something with paneer,7,,
recommend me something with chicken,7,,
recommend me something with mushroom,7,,
recommend me something with rice,7,,
recommend me something with roti,7,,
recommend me french food,4,,
recommend me some chinese food,4,,
recommend me some british food,4,,
recommend me some american food,4,,
recommend me some caribbean food,4,,
recommend me some greek food,4,,
recommend me something with greek food,7,,
recommend me something with chinese food,7,,
recommend me something with american food,7,,
recommend me something with caribbean food,7,,
recommend me something with british food,7,,
recommend me something with french food,7,,
recommend me some indian food,4,,
recommend me some italian food,4,,
recommend me some japanese food,4,,
recommend me some mediterranean food,4,,
recommend me some mexican food,4,,
recommend me some morroccan food,4,,
recommend me some spanish food,4,,
recommend me some thai food,4,,
recommend me some turkish food,4,,
recommend me some vietnamese food,4,,
recommend me something with spanish food,7,,
recommend me something with thai food,7,,
recommend me something with turkish food,7,,
recommend me something with vietnamese food,7,,
recommend me something with indian food,7,,
recommend me something with italian food,7,,
recommend me something with egg bhurji,7,,
recommend me something with chilly egg,7,,
recommend me something with phulka,7,,
recommend me something with fish biryani,7,,
I want to eat boiled egg,2,,
i want to eat chicken kabab,2,,
i want to try mutton pepper fry,2,,
i want to try curd rice,2,,
how about fish curry with 3 chapati,2,,
i want to eat nati chicken with butter phulka,2,,
i want paneer 65 with ghee rice,2,,
i want to eat aloo dum biryani,2,,
recommend me some veg biryani,7,,
recommend me beverages,7,,
recommend me non veg curries,7,,
recommend me some veg curries,7,,
recommend me roti,7,,
recommend me non veg biryani,7,,
recommend me egg,7,,
recommend me some sea food starter,7,,
recommend me non veg starter,7,,
recommend me veg starter,7,,
floor of my room is very dirty,8,,
i want to drink butter milk,2,,
i want to drink fresh lime soda,2,,
Hello!! How are you,1,,
 Hello.,1,,
 Hi,1,,
How are you?,1,,
Good Morning,1,,
"hey, how are you?",1,,
Is everything is fine?,1,,
hey,1,,
How’s it going?,1,,
How are you doing?,1,,
What’s up?,1,,
Good afternoon,1,,
Good evening,1,,
How do you do?,1,,
Yo!,1,,
How’s everything ?,1,,
What’s going on?,1,,
Nice to be see you,1,,
"hey, what all do you have",1,,
"hello, it's nice to be here",1,,
"hey, how's it going",1,,
i would like to order paneer 65,2,,
i would like to order chilly potato,2,,
i would like to order golden baby corn,2,,
 baby corn chilly is what I'll have,2,,
 chilly gobi is what I want,2,,
get me mushroom 65,2,,
get me chilly mushroom,2,,
get me chilly chicken,2,,
do you have chicken 65,2,,
can i have meghana chicken,2,,
can i have lemon chicken,2,,
can i have chicken kabab,2,,
I want chicken lollypop,2,,
I want chicken pakoda,2,,
I want pepper chicken,2,,
bring me chicken fry,2,,
bring me chicken maharaja,2,,
bring me mutton pepper fry,2,,
chilly fish would be my choice,2,,
appollo fish and chapati,2,,
i would like to order taste chilly prawns,2,,
i would like to order taste prawns fry,2,,
i would like to order taste egg bhurji,2,,
can i have boiled egg,2,,
i would like to order egg omlet,2,,
can i have chilly egg,2,,
honey potato will do good,2,,
what are your special dishes?,3,,
get me the best dishes,3,,
whats the best you got?,3,,
bring me the most delicious dishes,3,,
what are you most known for?,3,,
What do people admire this place most for?,3,,
What is your speciality?,3,,
Whats this place famous for?,3,,
what do you think you make best?,3,,
Tell me the most  delicious thing you have,3,,
what's the speciality of this place?,3,,
the fans are dirty,8,,
ac is not working properly,8,,
the room is untidy ,8,,
bed is not in proper condition,8,,
lights are not working properly,8,,
the room service doesn't pick up the call,8,,
the carpet is torn,8,,
the room smells bad,8,,
bathroom is dirty,8,,
bathroom is very unhygenic,8,,
the bedsheets are dirty,8,,
there are not enough pillows,8,,
the furniture is broken,8,,
the room lock is not working properly,8,,
fan makes a lot of sound,8,,
blanket is unwashed,8,,
i want new bedsheets,8,,
send the cleanliness guy to my room,8,,
can you get these curtains washed for me,8,,
the almirah is not clean,8,,
take my clothes for laundry,8,,
fan is slow and doesn't operate properly,8,,
I would like to request for an early check-in before I pay for the room.,5,,
Can i check in before the scheduled time,5,,
I would have to check in early than decided,5,,
please allow me an early check in for my stay,5,,
can you arrange an early check in for me,5,,
can i shift my check in to a time in advance to the decided time,5,,
I would like you to allow to check in before the decided schedule,5,,
can I check in early at the hotel?,5,,
is it possible for me to check in early?,5,,
i need to check in due to some reasons,5,,
can you please allow me to check in early,5,,
Can the check in timing be flexible,5,,
I hope you dont mind if I check in early!,5,,
I would like to request for an later checkout due to some reasons.,6,,
Can i check out after the scheduled time,6,,
I would have to check out later than decided,6,,
please allow me an delayed check out for my stay,6,,
can you arrange a later check out for me,6,,
can i shift my check out time to a later time in future,6,,
I would like you to allow to check out after the decided schedule,6,,
can I check out late the hotel?,6,,
Can the check out timing be flexible,6,,
I want to increase my stay here,6,,
i want to spend some more time in this hotel,6,,
I wish to stay here for longer,6,,
Is it possible to increase my stay here?,6,,
i would like to have a longer stay,6,,
bring me something in chinese,4,,
do you have italian,4,,
keep the food less spicy,4,,
I desire to eat something sweet,4,,
"I love indian, get me something good",4,,
bring South Indian food for me,4,,
thai food would be great,4,,
I want to eat Mexican food,4,,
Give me something which is not too spicy,4,,
what all do you have in sweets,4,,
"I love spicy food, can you bring something for me",4,,
I feel like eating Japanese food,4,,
the food should be spicy,4,,
I'll have Vietnamese food,4,,
keep the sweetest at a moderate level,4,,
can I have more pepper in my food,4,,
I want some sour juices,4,,
the sugar content in the sweet should not be high,4,,
bring me anything which it sweet,4,,
anything with low pepper,4,,
can I get something spicy,4,,
give me Japanese sweets,4,,
do you have spicy in Chinese? ,4,,
I'll have spicy mexican dish,4,,
would be bring me South Indian sweets? ,4,,
decorate my room with flowers,9,,
I want white towels with white bathtub,9,,
keep the lights low in my room with some soothing music,9,,
I want no one to disturb me,9,,
the bathroom should have both Indian and western pots,9,,
the floor should have a carpet on it,9,,
can I have someone for a foot massage,9,,
can you bring yoga carpet,9,,
I want you to change the curtains,9,,
the bedsheet should not be white,9,,
the room must have a balcony,9,,
I want 50 balloons in my room,9,,
Cover the floor of the room with flowers,9,,
The room should be painted in purple,9,,
the room should have a balcony,9,,
the cupboard should be tidy before I check in,9,,
the pot is dirty,8,,
the towels smell,8,,
the glass of the table is broken,8,,
The bed is uncomfortable,8,,
The mattress makes a lot of sound,8,,
the sofa has a loose spring,8,,
there is no handwash in bathroom,8,,
the mirror in the room are not clean,8,,
change the bedsheets,8,,
Ac is not working properly,8,,
the lock doesn't work,8,,
I cannot close the bathroom door,8,,
What should I have in sweets,7,,
will naam go good with paneer 65,7,,
what do people generally take with fish,7,,
Should I take something else with egg curry for flavour? ,7,,
I might not be able to check out on time,6,,
may departure might get postponed,6,,
can I prepone my check in,5,,
would I have to pay extra for an early check in,5,,
would late check out cost extra,6,,
how much do you cost for late check out,6,,
how much do you cost for an early check in,5,,
would an early check in cost extra,5,,
I want some paintings on the wall,9,,
There should be novels in my room before I get there,9,,
There should be 5 cushions in my bed,9,,
I don't want a TV in my room,9,,
bring me curd rice,2,,
I want jeera rice in dinner,2,,
nothing but plane rice with paneer 65,2,,
I want to try ghee rice,2,,
paneer biryani would be nice,2,,
aloo dum biryani would be great,2,,
fish curry with place rice,2,,
fish curry with ghee rice,2,,
mutton curry and butter phulka,2,,
mutton curry and jeera rice,2,,
"mutton curry, butter naan and place rice",2,,
order chicken curry and ghee rice for me,2,,
recommend me something with mutton curry,7,,
recommend me something with fish curry,7,,
recommend me something with chicken curry,7,,
please repair the shower,8,,
change the buckets,8,,
the bathroom floor is not clean,8,,
the pot stinks,8,,
i want you to bring european food for me,4,,
the neighbours are disturbing,8,,
Get me something spicy in chinese,4,,
can you treat me with your best dishes,3,,
"Can you please shift me in some other room, I've an issue with the bed here",8,,
"Hi,I want to order food",1,,
"Hi,I want to order some food",1,,
"Hey,I want some food",1,,
"Hey,I want to order food",1,,
Hi,1,,
Hey,1,,
"Good Morning,I want to order food",1,,
What's up?,1,,
Good Morning,1,,
What's up?,1,,
 How you doing?,1,,
can you order noodles for me,2,,
i want to order an indian thali,2,,
Please order chicken butter masala,2,,
I want to order Paw Bhaji,2,,
What special  dishes I can order,3,,
Can you recommend me some good food,3,,
I want to order some of your special dish,3,,
Recommend me your special dishes,3,,
I want to order Chole Bhature,2,,
order coke for me,2,,
I want to order sprite,2,,
Washing machine is not working,8,,
Washing machine is not in a good condition,8,,
Place does not smells good,8,,
Room is not clean,8,,
Beedshets are not clean,8,,
i need new pillow covers,8,,
light is not working,8,,
Washroom is not clean,8,,
Tap is not  working,8,,
Sofa covers are not clean,8,,
Rooms is not hygenic,8,,
I want extra towels,9,,
I need extra soaps,9,,
i want to give my clothes to the laundary,9,,
due to some unavoided reasons I want to checkout a bit late,9,,
i want an extra bedsheet,9,,
Can you recommend me some food,4,,
I need some recommendations for cocktails,4,,
I need some recommendations for mocktails,4,,
Can you recommend me some beverages,4,,
i want to order some chinese food,7,,
I want to order Indian food,7,,
I want to order Mexican food,7,,
What is special in Italian cuisine,7,,
What is special in Indian cuisine,7,,
What is special in Chinese cuisine,7,,
Recommend me Chinese food,7,,
Recommend me Indian food,7,,
Recommend me Mexican food,7,,
Hey sona,1,,
I want to prepone my arrival,5,,
I will come 1 hour early than my scheduled time,5,,
I will be a bit early than my scheduled time,5,,
Can you please schedule my arrival a bit early,5,,
Is it okay if i arrive a bit early,5,,
I want to order veg biryani,2,,
I want to order chicken biryani,2,,
I want to order mutton biryani,2,,
Is biryani available,2,,
due to some unavoided reasons I want to checkout a bit late,6,,
Is it okay if i leave a bit late,6,,
Can I postpone my check out,6,,
Towels are not clean,8,,
washroom does not smells good,8,,
Bathroom is not clean,8,,
I want some shampoos,9,,
I want an electric Kettle,9,,
can i have boiled water,9,,
I need  some drinking water,9,,
I want new curtains for my room,9,,
The room smells awful,8,,
recommend me some breads,7,,
order butter naan for me,2,,
order garlic naan for me,2,,
order garlic tandoori roti for me,2,,
i want to order rumali roti,2,,
i want to order tandoori roti,2,,
Can you recommend me some panner,7,,
Can you recommend me some spicy food,7,,
What are good beverages of this place,3,,
Recommend me good deserts ,7,,
recommend me some ice creams,7,,
order mineral water for me,2,,
order mineral fresh lime soda for me,2,,
i want to order butter milk,2,,
i want to order chicken fried rice,2,,
i want to order aloo dum,2,,
i want to order veg fried rice,2,,
i want to order curd rice,2,,
i want to order fish curry,2,,
i want to order dal fry,2,,
i want to order tomato curry,2,,
i want to order mutton curry,2,,
i want to order prawns,2,,
i want to order eggs,2,,
i want to order egg curry,2,,
can you order phulka,2,,
can you order mushroom masala,2,,
can you order butter phulka,2,,
can you order boneless chicken,2,,
can you order brownies,2,,
can you order chilly fish,2,,
Order chilly prawn,2,,
Order prawn fry,2,,
Order chilly chicken,2,,
Order mutton fry,2,,
Order baby corn,2,,
Order paneer chilly,5,,
i want to check in early,5,,
is it possible to check in early,5,,
can i check in early,5,,
please reschedule my check in early,5,,
i want to move in a bit early,5,,
is it okay if i move in a bit early,5,,
is it ok if i move in a bit early,5,,
i will come a bit early to the hotel,5,,
I will leave the hotel a bit late,6,,
is it ok if i leave a bit late,6,,
i want to leave a  bit late,6,,
reschedule my check out a bit late,6,,
I will leave the hotel a bit late,6,,
What is there in American cuisine,4,,
What is there in British cuisine,4,,
What is there in Caribbean cuisine,4,,
What is there in Chinese cuisine,4,,
What is there in French cuisine,4,,
What is there in Greek cuisine,4,,
What is there in Indian cuisine,4,,
What is there in Italian cuisine,4,,
What is there in Japenese cuisine,4,,
What is there in Mediterranean cuisine,4,,
What is there in Mexican cuisine,4,,
What is there in Spanish cuisine,4,,
I want to order something from Thai cuisine,4,,
I want to order something from Turkish cuisine,4,,
I want to order something from Vietnamese cuisine,4,,
I want to have Polish cuisine,4,,
I want to have Rajasthani cuisine,4,,
I want to have Pakistani cuisine,4,,
I want to have Danish cuisine,4,,
I want to have Pesian cuisine,4,,
I want to have Portugese cuisine,4,,
I want to have French cuisine,4,,
I want to have Russian cuisine,4,,
I want to have Serbian cuisine,4,,
I want to have Sami cuisine,4,,
I want to have Mughal cuisine,4,,
I want to have Arab cuisine,4,,
I want to have Bulgarian cuisine,4,,
I want to have Estonian cuisine,4,,
I want to have Georgian cuisine,4,,
I want to have Andhara cuisine,4,,
Can you make my check in early,5,,
Can you make my check out late,6,,
The fan is not working,8,,
Fans are making noises,8,,
A/C is not cooling properly,8,,
A/C is not clean,8,,
Fans are making noises,8,,
The door is making noise,8,,
The fan is making noise,8,,
The door lock is not working ,8,,
I am not able to close he doors of washroom,8,,
The lock of washroom is not working,8,,
The air conditioner is not working properly ,8,,
The lock of bathroom is not working,8,,
Floor is not clean,8,,
Towels are not hygenic,8,,
The A/C needs servicing,8,,
The air conditioner is not clean,8,,
The food is not hygenic,8,,
Towels are dirty,8,,
Washroom taps are not working,8,,
Bathroom taps are not working,8,,
There is a lot of noise from other rooms,8,,
Fans is making a lot of noise,8,,
Regulator of fan is not working,8,,
Hola,1,,
How was your day,1,,
What are special dishes of this restaurant,3,,
What are your specialities,3,,
I want to order something special,3,,
Suggest me some special food ,3,,
Give me some specialties of this place,3,,
What are exotic dishes of this place,3,,
What is the best food available,3,,
What is the best food i can order,3,,
I want an extra key for my door,9,,
I want to switch to an air conitioned room,9,,
My fridge is not working,8,,
My fridge is not cooling properly,8,,
I need an electric kettle,9,,
I need a hair dryer,9,,
I want a vaccum cleaner,9,,
I need some extra sugars,9,,
I need some extra milk packets,9,,
I need some extra tea bags,9,,
Hi,,,1
 Hello,,,1
How are you ?,,,1
Is everything fine?,,,1
Good Morning,,,1
Good Afternoon,,,1
have a pleasant day,,,1
Yo!,,,1
Hey,,,1
what's up,,,1
Pleasure to be here,,,1
what's going on.. ,,,1
i want to have baby corn chilly,,,2
place order for chilly gobi,,,2
can i have mushroom 65,,,2
can i have chicken 65,,,2
Place order for meghana chicken,,,2
 Can I have meghana chicken 555,,,2
place order for chicken lollypop,,,2
 place order for chicken kabab,,,2
can i have chicken pakoda,,,2
i would like to have chicken fry,,,2
place order for chicken maharaja,,,2
i want to have pepper chicken,,,2
place order for mutton pepper fry,,,2
 i want to have chilly fish,,,2
i would like to have chilli prawans,,,2
i want to order boiled egg,,,2
order egg omlet for me,,,2
i want to have chilly egg,,,2
i would like to have egg bhurji,,,2
order phuka for me,,,2
it would be great to have butter phulka,,,2
order chapati for me,,,2
order veg kadai for me,,,2
order green peas curry for me,,,2
place order for aloo matar curry,,,2
order palak paneer curry for me,,,2
order paneer butter masala for me,,,2
order mushroom masala for me,,,2
order masala idli for me,,,2
place order for idli vada,,,2
place order for masala kadhi,,,2
order coffee for me,,,2
order lemon chicken for me,,,2
order sweet and sour chicken for me,,,2
place order for grilled chicken,,,2
Please order chicken butter masala,,,2
order rajma rice for me,,,2
i want butter milk,,,2
oder tomato egg curry for me,,,2
i want egg masala curry,,,2
i want mutton curry,,,2
order prawns curry for me,,,2
order chicken curry for me,,,2
i want chicken biryani,,,2
i want chicken boneless biryani,,,2
i want meghana special biryani,,,2
order mutton biryani for me,,,2
order fish biriyani for me,,,2
order egg biriyani for me,,,2
i want aloo dum biriyani,,,2
i want chicken fried rice,,,2
i want ghee rice,,,2
i want sof drink,,,2
i want curd rice,,,2
order fresh lime soda for me,,,2
order lassi for me,,,2
order fresh lime water for me,,,2
order plain rice for me,,,2
i want veg fried rice,,,2
i want curd rice,,,2
i want mineral water,,,2
i want biriyani rice,,,2
i want egg fried rice,,,2
i want paneer biriyani,,,2
i want aloo dum ,,,2
order appollo fish for me,,,2
oder today's andhara special,,,2
i want today's chinese special,,,2
i want dal fry,,,2
What special  dishes I can order,,,3
I want to order some of your special dish,,,3
i want to have malay,,,4
i want to have latvian,,,4
order sami for me,,,4
can i have russian ?,,,4
i would like to have romanian food as i am very fond of it,,,4
i want to order rajasthani food with extra spice ,,,4
i want to order spicy punjabi food,,,4
can i have some portuguese dishes ?,,,4
i want to order peruvian food,,,4
order typical pakistani food,,,4
order persian food for me,,,4
can you people place the order for pennsylvania dutch food ?,,,4
order peranakan food for me as soon as possible ,,,4
order parsi food for me ,,,4
i would like to have pashtun,,,4
order odia food with extra butter,,,4
can i have pashtun food ?,,,4
i would like to have maharashtrian food for me,,,4
order malay food for me,,,4
can i have malaysian chinese cuisene,,,4
"can i have malaysian indian cuisene , extra spicy",,,4
order a popular mexican dish for me,,,4
can i have mughal food,,,4
Can i check in before the scheduled time,,,5
I would have to check in early than decided,,,5
please allow me an early check in for my stay,,,5
can you arrange an early check in for me,,,5
can you please allow me to check in early,,,5
can you arrange an early check in for me,,,5
can you arrange early check in as i will arrive earlier than expected,,,5
can i check in early in the hotel?,,,5
is it possible to check in early?,,,5
can you people arrange early check in for me ?,,,5
can i check in early ?,,,5
i need to check in due to some reasons,,,5
"i will be arriving early, is it possible for me to check in early in the hotel?",,,5
I would like to request for an later checkout due to some reasons.,,,6
Can i check out after the scheduled time,,,6
I would have to check out later than decided,,,6
please allow me an delayed check out for my stay,,,6
can you arrange a later check out for me,,,6
i would like to have a longer stay,,,6
Is it possible to increase my stay here?,,,6
I wish to stay here for longer,,,6
I want to increase my stay here,,,6
can i shift my check out time later than expected date,,,6
i would like to have longer stay as my flight has been cancelled,,,6
i would check out late from hotel ,,,6
is it possible to increase my dutration of stay in hotel ?,,,6
can you please shift my check out period further late,,,6
"my train has been cancelled, so i will stay one more day in hotel",,,6
can you recommend me some good food,,,7
Recommend me your special dishes,,,7
ac is not working,,,8
fan is not working,,,8
carpet is dirty,,,8
pillow cover is dirty,,,8
fridge is not working,,,8
less number of pillows,,,8
door bell is not functional,,,8
blanket is dirty ,,,8
bathroom is dirty,,,8
tap is not working properly,,,8
room is not clean,,,8
light is not working properly,,,8
sofa cover is dirty,,,8
tv of hotel is not working,,,8
rooms are not cleaned,,,8
there is not proper ventilation in the rooms,,,8
door lock of the room is out of order,,,8
curtions are dirty,,,8
switches are loose,,,8
there is not proper ventilation in the bathrooms,,,8
washrooms does not smell good,,,8
ac is out of order,,,8
room does not smell good,,,8
flush is not working properly,,,8
can you people send the person responsible for cleaning of my room,,,8
door mates are not  clean,,,8
door mates are not present ,,,8
charing point is not working,,,8
fans are not working ,,,8
fans are dirty,,,8
shower is not working as it should work,,,8
can i have extra pillows as it will be comfortable for me,,,8
ac is not cleaned properly,,,8
ac is leaking water,,,8
fan is making noise,,,8
ac is not cooling properly,,,8
hot water is not available,,,8
please send someone to clean the room,,,8
room service is not as per our expectations,,,8
room service is not good,,,8
please send the plumber to fix the issue of tap in washroom,,,8
floor of the room is not clean,,,8
tv is not functional of my bedroom,,,8
there is a issue with the remote of ac as it is not working properly,,,8
i wnat more number of pillows,,,9
can i get another key of my hotel room as i have lost it during travelling,,,9
i need extra pillow,,,9
air conditiner is not working,,,8
bring me something in japanese,,,4
bring some north indian food for me ,,,4
make food more spicy,,,4
i want to eat some punjabi food,,,4
i need vaccum cleaner as room is too dirty,,,4
what is the best food of your restruant,,,3
change the bucket that are in my washroom,,,8
would i have to pay some extra amount if i check in early in the hotel,,,5
if i check out late will i have to pay extra for few hours also,,,6
i need hot water,,,8
i need room freshner,,,8
what should i have in desert,,,7
i might if not able to check out in time as i have some work left in this town,,,6
i want some peaceful paintings on the wall of my room,,,9
there should some interesting book in my room before i arrive,,,9
"the pressure of waterflow in the washroom is low, so fix it as soon as possible",,,8
how are you,1,,
hello ,1,,
hey,1,,
good morning,1,,
good afternoon,1,,
good evening,1,,
"hey, i would like to order some food",1,,
yo,1,,
"hey,i am very hungry.please bring some food.",1,,
"hey,can you arrange lunch now?",1,,
"hey,we would wish to eat dinner.",1,,
i want to start ordering food.,1,,
hello i need to order food.where is the menu?,1,,
helloooo,1,,
heyyyyyyy,1,,
"hey, i am hungry",1,,
i am hungry,1,,
would you be able to make me someting to eat. i am eager!,1,,
hey darling,1,,
hello sona,1,,
what is your name?,1,,
"yo, how are you?",1,,
"hey, i just checked in",1,,
"yo, i just came.",1,,
"just reached, can you guide me",1,,
can you guide me through check in procedure,1,,
1 plate butter chicken 2 tandoori naan,2,,
please order a plate biriyani,2,,
want some raita,2,,
want to eat chicken tikka,2,,
can you serve chicken biriyani,2,,
is hyderabadi paneer available?,2,,
order chilli paneer for me,2,,
butter milk,2,,
palak paneer curry,2,,
get me some hot soup,2,,
I hope you serve paneer tikka,2,,
need a cold drink,2,,
i would like to have a cold drink,2,,
fish curry with ghee rice,2,,
mutton curry and butter phulka,2,,
mutton curry and jeera rice,2,,
"mutton curry, butter naan and place rice",2,,
order chicken curry and ghee rice for me,2,,
i want butter roti,2,,
i hope you can get me some naan,2,,
i want garlic naan along with butter chicken,2,,
want 3 garlic naan and 2 plate chicken hyderabadi,2,,
need a bottle of mineral water,2,,
in need of a water,2,,
do you have barbeque chicken,2,,
get me dal chawal with proper cutlery,2,,
do you serve smoked chicken,2,,
want chicken tikka extra spicy,2,,
i would like to have spicy paneer tikka masala,2,,
what is the speciality of this place,3,,
whats the best food here,3,,
chef's special,3,,
which is the top most dish in this menu?,3,,
which is the high most dish during this menu?,3,,
can you give me the most loved dish of this hotel?,3,,
would you be able to reveal to me the best food served by hotel?,3,,
get me the best food,3,,
what is the most common dish of this place,3,,
recommend me some chinese food,4,,
want to eat south indian today,4,,
suggest me some north indian food,4,,
suggest some sweets,4,,
suggest something sweet,4,,
i would like to have rajasthani food,4,,
i would like to have mughlai food,4,,
i would like to have chinese food,4,,
order bengali food for me,4,,
order punjabi food for me,4,,
does the hotel give chinese food?,4,,
does the hotel have punjabi food?,4,,
order chinese,4,,
order punjabi,4,,
get me something chinese,4,,
get me something mughlai,4,,
i want you to bring european food for me,4,,
i will arrive 2 hours prior to my reservation,5,,
want to reschedule my arrival,5,,
change arrival timings,5,,
will come 2 hours before the reservation time,5,,
i will arrive at 9,5,,
i will arrive early,5,,
i might be early,5,,
"i have arrived early, arrange something for me",5,,
i have to stay a day extra,6,,
kindly postpone my checkout,6,,
extend my stay in the hotel,6,,
i want to stay for a longer time,6,,
"i have some work, can i stay a little longer?",6,,
i will leave late,6,,
check if i can stay a bit longer,6,,
I might not be able to check out on time,6,,
may departure might get postponed,6,,
i might be late,6,,
"i will depart late, arrange something for me",6,,
i will leave a little late,6,,
what kinds of rice is served?,7,,
suggest some spicy food,7,,
what kind of biriyani do you serve?,7,,
please recommend something with biriyani,7,,
what goes best with chicken tikka,7,,
suggest something which goes along with paneer tikka,7,,
suggest some starters,7,,
suggest me some beverages,7,,
and what do you generally offer in naan?,7,,
suggest a soft drink,7,,
what do people eat with kadai paneer,7,,
does the hotel provide sweet food?,7,,
can you suggest something light,7,,
suggest something with rajma,7,,
suggest roti,7,,
recommend me something with mutton curry,7,,
recommend me something with fish curry,7,,
recommend me something with chicken curry,7,,
What should I have in sweets,7,,
will naan go good with paneer 65,7,,
what do people generally take with fish,7,,
Should I take something else with egg curry for flavour? ,7,,
recommend what goes best with paneer tikka masala and roti,7,,
what people generally eat with chicken biriyani,7,,
what people generally drink with chicken biriyani,7,,
bed is untidy,8,,
windows are not closing,8,,
a/c is not working,8,,
air conditioner is not working,8,,
ac is not working,8,,
bed is broken,8,,
door is not closing,8,,
water is not coming,8,,
hot water is not available,8,,
pillows are dirty,8,,
floor is unclean,8,,
clean the floor,8,,
floor is not tidy,8,,
"i have spilled some juice, kindly clean it",8,,
the room is smelling,8,,
the flush is not working,8,,
the room is not clean,8,,
plumber required,8,,
sink is not clean,8,,
shower is not working,8,,
key card  is broken,8,,
key card is not working,8,,
repair the ac,8,,
door lock is not working,8,,
repair door lock,8,,
cleaning is required,8,,
slippery floor,8,,
please repair the shower,8,,
change the buckets,8,,
the bathroom floor is not clean,8,,
the pot stinks,8,,
the pot is dirty,8,,
the towels smell,8,,
the glass of the table is broken,8,,
The bed is uncomfortable,8,,
The mattress makes a lot of sound,8,,
the sofa has a loose spring,8,,
there is no handwash in bathroom,8,,
the mirror in the room are not clean,8,,
change the bedsheets,8,,
Ac is not working properly,8,,
the lock doesn't work,8,,
I cannot close the bathroom door,8,,
there is shit in my toilet.,8,,
there are stray dogs in the corridor,8,,
"we just checked in, get us some clean sheets",8,,
fix the bathroom lights,8,,
the bed makes sound,8,,
laundry is needed,9,,
i want to give my clothes for laundry,9,,
can you provide me some extra pillows,9,,
want extra sheets,9,,
need more pillows,9,,
want to have cold water for drinking,9,,
provide drinking water,9,,
please switch on the ac before my arrival,9,,
kindly send someone to clean the room,9,,
please provide extra towels,9,,
"i lost my key, can i get an extra",9,,
get some scented candles,9,,
provide me with slippers,9,,
get extra keys,9,,
get me an extra key,9,,
room service,9,,
call room service,9,,
does the hotel have the faciliy of room delivery ?,9,,
the room should have a balcony,9,,
the cupboard should be tidy before I check in,9,,
fetch me a drink in my room,9,,
keep the bath tub ready before my arrival,9,,
arrange a pair of slippers for me,9,,
get me a first aid box,9,,
get me an eye cover,9,,
hi,1,,
hi ai nice to meet you,1,,
hi ai,1,,
hi sona.ai,1,,
hello !,1,,
hello sona !,1,,
nice to meet you sona,1,,
hello sona nice to meet you,1,,
it is really nice to meet you sona.ai,1,,
good morning,1,,
good morning sona.ai,1,,
hello sona i want to order some food,1,,
good after noon sona can i do my order ?,1,,
good after noon sona can i place my order ?,1,,
good evening sona what's up,1,,
hey,1,,
hey sona,1,,
good evening sona nice to meet you,1,,
hi ai greetings,1,,
i want to order paneer with phulka,2,,
i want to order baby corn chilly with butter phulka,2,,
 i want plain rice,2,,
i want to order plain rice,2,,
i need chapathi with chilly mushroom,2,,
i need chicken kabab with phulka,2,,
i want to have lemon chicken,2,,
let me order chicken fry and phulka,2,,
let me order chicken biriyani,2,,
i want to order aloo dum biriyani,2,,
can i get peneer biriyani,2,,
can i get chicken fried rice ?,2,,
can i get biriyani paneer butter masala,2,,
i want chapati and egg bhurji,2,,
is tomato curry available ?,2,,
is paneer butter masala available ?,2,,
is pepper chicken and phulka available ?,2,,
i would want to have mashroom masala and butter phulka,2,,
i want to have palak paneer with roti,2,,
i would want to have chilly gobi and roti,2,,
please tell me about the special food,3,,
what are some special offered here,3,,
just tell me your special food,3,,
what are your special dishes,3,,
tell me about your special dishes ,3,,
give me the names of special foods offered here,3,,
what are special foods offered here,3,,
give me your special food,3,,
what is the special food of your restaurant ?,3,,
i want to have your special food,3,,
i want to eat spanish food,4,,
please recommend me some spanish food,4,,
please tell me some thai type food,4,,
i want some turkish food,4,,
i want to have some vietnamese food,4,,
please give me spanish food,4,,
i would like to have indian food,4,,
i want south indian food,4,,
i would like to have north indian food,4,,
i would like to have south indian food,4,,
i would want to have north indian,4,,
i want italian food,4,,
i would want to have japanese food,4,,
recommend me mexian food,4,,
recommend me moroccan type food ,4,,
i want american dish,4,,
i want caribbean stuff,4,,
give me french stuff,4,,
i would want some chinese stuff,4,,
please give me french food,4,,
i would want to check in early,5,,
i would arrive some hours early,5,,
i want an early check-in,5,,
i am arriving early please plan an early check in ,5,,
i am arriving early do an early check in ,5,,
i would leave late as my filght is cancled,5,,
i would leave late as because my train is cancled,5,,
i would leave late coz my train is cancled,5,,
i am leaving late due some unavoidable circumstances,5,,
i will be leaving late ,5,,
i will be leaving around 12 hourse late,6,,
i will be late by about 5 hours,6,,
"sorry, will be late by 7 hrs",6,,
"give me more stay, i leave by 5 hrs in morning",6,,
my stay has to be extended by 15 hours,6,,
i will leave a little late,6,,
increase my stay at your hotel by around 20 hrs,6,,
could you please incease my stay by a few days ?,6,,
I want my stay to increase urgently by 2 days,6,,
i missed my flight please increase my stay by 3 days,6,,
please recommend me some food,7,,
"i dont have any idea, recommend me something",7,,
please recommend some good food,7,,
show me some food varities,7,,
show me some food varities of this hotel,7,,
show me most famous food of this city,7,,
give me famous food of this country,7,,
recommend me some soft drinks of this hotel,7,,
give me some hard drinks of this hotel,7,,
recommend me some beverages,7,,
suggest me some spicy food,7,,
can you suggest me some milk shakes ?,7,,
suggest me somethig to eat with chapati,7,,
give me some different varities of noodles,7,,
recommend me some healthy food,7,,
what is wrong with lights man ?,8,,
there's some issues with lights ,8,,
lights need some maintenance,8,,
shower is not working please do something about it,8,,
shower is not working,8,,
showers require some maintenance,8,,
"TV doesnot turn on, whats wrong dude?",8,,
what is wrong with the TV,8,,
where are the towels?,8,,
where are bed sheets? bring them immdeiately,8,,
"TV doesnot have dish connection, you want me to watch door darshan ? come on bro !",8,,
I need dish connection asap,8,,
"taps are leaky, do something about it asap",8,,
"do something about these taps, they are not working ",8,,
AC is not doing the proper cooling,8,,
whats wrong with ac man !,8,,
this AC just warmed me up! thanks dude ! fix it immediately,8,,
your ac works like a heater,8,,
nice ac it warms things up,8,,
this ac requires maintenance,8,,
swimming pool should be ready,9,,
please prepare a swimming pool,9,,
i need a cozy and warm swimming pool when i get there,9,,
i need 2 bottles of wine when i arrive,9,,
please prepare some wine bottle,9,,
a want a few packs of cigeratte in my room,9,,
cigeratte should be there,9,,
prepare a good bathtub for me ,9,,
i need a coz bathtub when i reach there,9,,
i want towels when i arrive at my room,9,,
prepare a set of towels for me man,9,,
get ready some whisky and drinks for me,9,,
i want wine when i reach my room,9,,
swimming pool should be ready,9,,
get ready spa for me,9,,
spa should be there dude,9,,
i need spa,9,,
where the hell is dish connection ? people dont watch door darshan these days ,8,,
door darshan and metro ? i mean damn bro get me a dish connection,8,,
"need dish tv, do you know people dont watch door darshan these days?",8,,
i want ice tea prepaed in my room,9,,
i want ice-cream in my room,9,,
i want some soft drinks in my room,9,,
"i want thumbs up in my room, coz i want to taste the thunder !",9,,
toilet is not properly cleaned ,8,,
toilet flush is not working,8,,
toilet jet is not working ,8,,
some maintenance is required in lights,8,,
i need internet at my room,9,,
i need proper wifi connection,9,,
i need fast wifi connection,9,,
fan is not working man,8,,
i needed ac and you gave me fan ! are you crazy ?,8,,
some maintenance is required in lights,8,,
i need fast internet at my room,9,,
i need proper wifi connection with high speed,9,,
i need fast wifi connection either airtel or jio,9,,
fan is not working dude,8,,
i needed ac and you gave me fan ! are you sick ?,8,,
i would want to check in early,5,,
i would arrive some hours early,5,,
i want an early check-in,5,,
i am arriving early please plan an early check in ,5,,
i am arriving early do an early check in ,5,,
i would arrive early as my filght is re-sheduled,5,,
i would leave early as because my train is re-sheduled,5,,
i would arrive early coz my meeting is pre-poned,5,,
i am arriving early due some unavoidable circumstances,5,,
i will be arriving little late ,5,,
i will be leaving around 12 hourse late,6,,
i will be late by about 5 hours,6,,
"sorry, will be late by 7 hrs",6,,
"give me more stay, i leave by 5 hrs in morning",6,,
my stay has to be extended by 15 hours,6,,
i will leave a little late,6,,
increase my stay at your hotel by around 20 hrs,6,,
could you please incease my stay by a few days ?,6,,
I want my stay to increase urgently by 2 days,6,,
i missed my flight please increase my stay by 3 days,6,,
can i get a few more days at our hotel?,6,,
hello there dude,1,,
hey hey hey wassup AI,1,,
evening fellas,1,,
hello man good evening,1,,
hello dude good after noon sona,1,,
hey sona ! are you really made of sona ?? i mean gold?,1,,
hello mr AI what can you do for me?,1,,
hey AI lets what can you do,1,,
hello sona good evening,1,,
hi sona.ai,1,,
i want to order paneer with phulka,2,,
i want to order baby corn chilly with butter phulka,2,,
 i want plain rice,2,,
i want to order plain rice,2,,
i want fried rice,2,,
i want fried rice with rajma and chola,2,,
hello,1,,
how are you,1,,
nice day,1,,
what is your name,1,,
i want help,1,,
hi,1,,
how was your day,1,,
feeling good,1,,
i want some help,1,,
how can you help me,1,,
lets chat ,1,,
feeling bored,1,,
tell me something about yourself,1,,
i want some help,1,,
hey there,1,,
how are you doing,1,,
lets chill out,1,,
where are you from,1,,
hi my name is Suresh,1,,
i want to have chilly paneer with phulka,2,,
i wish to have aloo matar and dal fry with phulka,2,,
my order is chilly chicken,2,,
i want to have only phulka,2,,
can i get tomato curry,2,,
i want to have mushroom 65,2,,
fish curry seems good,2,,
tomato egg curry,2,,
get me biryani rice,2,,
give me lassi,2,,
give me lassi with mutton curry,2,,
i want to try curd rice,2,,
can i get butter milk,2,,
give me some paneer 65,2,,
how about jeera rice,2,,
i want to try jeera rice with mutton curry,2,,
i would like to have aloo dum ,2,,
can you get me soft drink,2,,
want to try some ghee rice,2,,
i want to drink lassi,2,,
what special do you have in drinks,3,,
what is special in north india,3,,
what is special in south indian,3,,
which curry is special  ,3,,
what is your restaurant speciality,3,,
show me special food in north indian food,3,,
what do you have special today,3,,
tell me something special that you have,3,,
Please tell me what you have special today,3,,
which food is famous in your hotel,3,,
i want to order summer special ,3,,
what are famous drinks in your hotel,3,,
show me best gravy that you have,3,,
i want to eat something good,3,,
show me nice cold drinks,3,,
what would be best thing to eat,3,,
want to eat something special ,3,,
what is special for today,3,,
can i get south indian special,3,,
show me south indian famous food,3,,
show me chinese food,4,,
what do you have in chinese ,4,,
I want to eat chinese ,4,,
what is there in america,4,,
american food,4,,
indian and pakistani food,4,,
feel like eating italian,4,,
want to have greek,4,,
what is available in greek food,4,,
want to taste some greek food,4,,
show me mexican,4,,
i feel like eating mexican food,4,,
french seems to be a good option,4,,
show me some french food to eat,4,,
help me with italian,4,,
i would like to order chinese,4,,
chinese food ,4,,
i think chinese food would be a good option,4,,
indian dishes,4,,
help me with indian ,4,,
i want to come early,5,,
can i check in early,5,,
do you allow early entry,5,,
do you allow early check in,5,,
i need to check in early,5,,
help me with early entry,5,,
how to do early check in,5,,
guide me with early check in,5,,
i want early check in ,5,,
i prefer early check in,5,,
can i get entry early,5,,
early check in,5,,
do we have to pay for early check in,5,,
how can i get early check in ,5,,
what are charges for early check in,5,,
i am arriving early,5,,
can i arrive early,5,,
do you allow early arrival,5,,
i want late check out,6,,
can you help to late check out,6,,
is it possible to late check out,6,,
how to late check out,6,,
please allow me to late check out,6,,
late check out,6,,
i feel like late check out,6,,
how to late check out,6,,
guide me to late check out,6,,
today i will late check out,6,,
how about late check out,6,,
recommend me latest food,7,,
recommend north indian,7,,
recommend me food,7,,
South indian recommendation,7,,
North Indian  recommendation,7,,
show me best recommendation,7,,
suggest italian food,7,,
which is best food in north indian ,7,,
recommend best dal,7,,
recommend best drinks in summers,7,,
i want to have your special drinks,7,,
lights not working,8,,
toilet not working,8,,
the window needs to be repaired,8,,
the jet needs to be replaced,8,,
window problem,8,,
AC broken,8,,
replace my bed sheet,8,,
replace the TV,8,,
repair TV,8,,
Urgent repair TV,8,,
make my room ready ,9,,
organize my son's birthday ,9,,
i have wedding aniversary today,9,,
i want to organize a reunion,9,,
i want immediate medical help,9,,
my wife is ill,9,,
i am feeling unwell today,9,,
bed decoration for honeymoon,9,,
the room is too hot need another one,9,,
i want to give a party,9,,
today i will late check out,6,,
Do you allow late check out,6,,
Money charged for late check out,6,,
how to late check out,6,,
how can we do a late check out,6,,
if i late check out will you charge any money,6,,
extra money for late check out,6,,
i feel like late check out,6,,
i want to do late check out,6,,
recommend me the best food in summers,7,,
drinks recommendations,7,,
which drink should i have ,7,,
show me best that have in breakfast,7,,
recommend me food for breakfast,7,,
fell like eating something special,7,,
i want to order summer special ,7,,
Recommend me good lunch,7,,
Good food recommendation,7,,
fell like eating something special,7,,
the door is broken,8,,
fans are slow,8,,
water is dirty,8,,
the exhaust is not working,8,,
the AC is not functional,8,,
the lights are dim,8,,
bed is dirty,8,,
the sheets needs to be changed,8,,
the pillow is dirty,8,,
floor is dirty ,8,,
the room is having a bad odor,8,,
the fridge is broken,8,,
bed are making noise,8,,
the toilet needs to be cleaned,8,,
the toilet is looking dirty,8,,
we have one  pillow less,8,,
doors not closing properly,8,,
ventilation is bad,8,,
the ventilation is poor,8,,
carpet not cleaned,8,,
bed not cleaned,8,,
hey there,1,,
hey man,1,,
hi bot,1,,
what is your name,1,,
good evening,1,,
good morning,1,,
good night,1,,
good after noon,1,,
What are you doing,1,,
Where are you from,1,,
what do you do,1,,
who is your owner,1,,
Good day,1,,
Lets talk,1,,
lets have good chat,1,,
nice to meet you,1,,
glad to meet you,1,,
nice meeting you,1,,
hi there ,1,,
hey there,1,,
Hey,1,,
Hey man,1,,
 Hi,1,,
How’s it going?,1,,
How are you doing?,1,,
What’s up?,1,,
What’s new,1,,
What’s going on?,1,,
How’s everything ?,1,,
How are things?,1,,
How’s life?,1,,
How’s your day?,1,,
How’s your day going?,1,,
Good to see you,1,,
Nice to see you,1,,
Long time no see,1,,
It’s been a while ,1,,
Good morning,1,,
Good afternoon,1,,
Good evening,1,,
It’s nice to meet you,1,,
Pleased to meet you,1,,
How have you been?,1,,
How do you do? ,1,,
I want to have Tomato curry and 2 Chapathi,2,,
I want to have Dal fry,2,,
I want to have Mutton Curry,2,,
Is Lemon Chicken available,2,,
I want to have 3 plate plain rice,2,,
I want to have 2 Tomato egg curry,2,,
I wish egg omlet,2,,
Take my Curd rice order,2,,
"Chicken fry 
",2,,
Chilly fish please,2,,
Aloo Dum Biryani,2,,
Chicken 65 for food,2,,
One order of Sweet and salty lassi each,2,,
can i have 2 chapathi,2,,
2 300 mil soft drink please,2,,
"one 600 ml Soft drink
",2,,
one 600 ml and one 300 ml soft drink please,2,,
Chilly fish and 1 lassi,2,,
Aloo Dum Biryani,2,,
Can i have Tasty Mushroom masala ,2,,
Any thing special in Beverages,3,,
Any thing special in Beverages,3,,
Any thing special for Non-Veg,3,,
Any thing special in Non- Vegetarian,3,,
what is the best food for Vegatarian,3,,
what is the best Curry available,3,,
Any special combo available,3,,
Can you tell me the best Veg starter items,3,,
Provide me the best food item,3,,
Give me the best smoothie you can provide,3,,
Give me the best food available,3,,
Any good north indian food,4,,
Any good south indian food,4,,
Can i get chinese food,4,,
Can i get maxican food,4,,
Can i get Spanish food,4,,
Can i get Thai food,4,,
give me american food,4,,
I want to have french food,4,,
I wish to have parsi food,4,,
Any good greek food,4,,
Any good arab food,4,,
Can i get rajasthani food,4,,
I want marathi food,4,,
I want Bengali food,4,,
Any mexican dish available,4,,
How late can i check in ?,6,,
How early can i check in ?,5,,
How late can i check out ?,6,,
How early can i check out ?,6,,
Can you provide the time interval for check in?,5,,
Can you provide the time interval for check out ?,6,,
Please provide information regarding check in.,5,,
Please provide information regarding check out,6,,
Is it okay if I check in before 8 am,5,,
Is entry before 8:00 am allowed,6,,
Can i leave after 12 pm,6,,
what's in the food?,7,,
"Whats best ,you can offer in food",7,,
Can u provide the menu for food,7,,
what 's in lunch,7,,
I want something sweet,7,,
Any good drink?,7,,
Recommend some good smoothie,7,,
Any good food dish ,7,,
Any non- alcoholic drink available?,7,,
Any alchoholic drinK?,7,,
Please repair the Television,8,,
Please repair the geaser in my room,8,,
Help! the bed is broken,8,,
Can you shift me to a different room,8,,
Any other rooms available?,9,,
The Toilet flush is not working,8,,
There is no pillow in my room,8,,
The wardrobe is broken in my room,8,,
I want a room with attached balcony,9,,
I want a room with attached bathroom,9,,
Please fix the lock of my room,8,,
The fridge stinks,8,,
The fan is not working properly,8,,
The room is dirty and stinks,8,,
The Sofa is broken,8,,
The door makes lot of noise,8,,
Can i get some spicy food,5,,
Can i get some sour food,5,,
Can i have some sweet dish,5,,
I wish to shorten my stay in this hotel,9,,
I wish to stay here longer,9,,
I wish to know the various facilities in this hotel,9,,
Pillow cover is dirty,8,,
The food smells rotten,8,,
The food stinks,8,,
Good morning,1,,
Good evening,1,,
"Good afternoon, Sir",1,,
The taps are not working,8,,
The shower is broken,8,,
Is there any playing area?,9,,
Is there any swimmming pool ?,9,,
"My car is late, can I come late",5,,
"My Bus is early ,can i check in early",5,,
"We are stuck in traffic, can we come late",5,,
"I missed my train, can i stay 2 more days?",5,,
Do you allow late check out?,6,,
"Do we have to pay for late check out?
",6,,
Tell the procedure to late check out?,6,,
how can we do a late check out,6,,
I need first aid,9,,
"I am feeling sick, any medical facilites",9,,
Any medical facilities for stomach ailment?,9,,
"My head is painning ,need help",9,,
"The water pressure is too low, please fix it",8,,
Hi bot,1,,
"Greeting, what can you do for us",1,,
Hello,1,,
"I am hungry, suggest me some food.",5,,
"My legs are painning , any massaging service",9,,
Any vitanamese food,4,,
"Assamese food,please",4,,
Need Punjabi food,4,,
Sindhi food,4,,
